{"cameraMode":{"drawMode":0,"name":"Shaded","section":"Shading Mode"},"sceneLighting":true,"audioPlay":false,"sceneViewState":{"showFog":true,"showMaterialUpdate":false,"showSkybox":true,"showFlares":true,"showImageEffects":true,"showParticleSystems":true},"in2DMode":false,"pivot":{"x":0.19348415732383729,"y":1.2814157009124756,"z":3.3451859951019289},"rotation":{"x":0.06775474548339844,"y":0.010473011992871762,"z":-0.0006977394223213196,"w":0.9976571202278137},"size":0.46089351177215578,"orthographic":false}