{"cameraMode":{"drawMode":0,"name":"Shaded","section":"Shading Mode"},"sceneLighting":true,"audioPlay":false,"sceneViewState":{"showFog":true,"showMaterialUpdate":false,"showSkybox":true,"showFlares":true,"showImageEffects":true,"showParticleSystems":true},"in2DMode":false,"pivot":{"x":-14.674455642700196,"y":-7.131392955780029,"z":-8.495180130004883},"rotation":{"x":-0.11224444210529328,"y":0.8540774583816528,"z":-0.2065689116716385,"w":-0.4640324115753174},"size":23.830411911010743,"orthographic":false}