{"cameraMode":{"drawMode":0,"name":"Shaded","section":"Shading Mode"},"sceneLighting":false,"audioPlay":false,"sceneViewState":{"showFog":true,"showMaterialUpdate":false,"showSkybox":false,"showFlares":true,"showImageEffects":true,"showParticleSystems":true},"in2DMode":false,"pivot":{"x":2.055933952331543,"y":0.8078873753547669,"z":0.0007067471742630005},"rotation":{"x":-0.14921915531158448,"y":0.03388577699661255,"z":-0.0010931059950962663,"w":-0.9885416030883789},"size":2.3274500370025636,"orthographic":false}