{"cameraMode":{"drawMode":0,"name":"Shaded","section":"Shading Mode"},"sceneLighting":true,"audioPlay":false,"sceneViewState":{"showFog":true,"showMaterialUpdate":false,"showSkybox":true,"showFlares":true,"showImageEffects":true,"showParticleSystems":true},"in2DMode":false,"pivot":{"x":0.25683945417404177,"y":1.4440451860427857,"z":3.3601646423339845},"rotation":{"x":-0.019794268533587457,"y":-0.006967628840357065,"z":0.002927701221778989,"w":-1.000085711479187},"size":4.676455020904541,"orthographic":false}