{"cameraMode":{"drawMode":0,"name":"Shaded","section":"Shading Mode"},"sceneLighting":false,"audioPlay":false,"sceneViewState":{"showFog":true,"showMaterialUpdate":false,"showSkybox":false,"showFlares":true,"showImageEffects":true,"showParticleSystems":true},"in2DMode":false,"pivot":{"x":-0.39411836862564089,"y":1.8892968893051148,"z":-0.9916617274284363},"rotation":{"x":0.23342180252075196,"y":-0.238542839884758,"z":0.05857810005545616,"w":0.9410343766212463},"size":0.9911065101623535,"orthographic":false}