{"cameraMode":{"drawMode":0,"name":"Shaded","section":"Shading Mode"},"sceneLighting":false,"audioPlay":false,"sceneViewState":{"showFog":true,"showMaterialUpdate":false,"showSkybox":false,"showFlares":true,"showImageEffects":true,"showParticleSystems":true},"in2DMode":false,"pivot":{"x":-0.012358039617538453,"y":1.2591898441314698,"z":0.21549813449382783},"rotation":{"x":-0.026217417791485788,"y":0.9574559926986694,"z":-0.2797755300998688,"w":-0.07126470655202866},"size":2.0467872619628908,"orthographic":false}