{"cameraMode":{"drawMode":0,"name":"Shaded","section":"Shading Mode"},"sceneLighting":true,"audioPlay":false,"sceneViewState":{"showFog":true,"showMaterialUpdate":false,"showSkybox":true,"showFlares":true,"showImageEffects":true,"showParticleSystems":true},"in2DMode":false,"pivot":{"x":0.07608732581138611,"y":1.4379222393035889,"z":1.8191804885864258},"rotation":{"x":-0.07666459679603577,"y":0.18361885845661164,"z":0.00039318387280218303,"w":-0.980905294418335},"size":1.0363411903381348,"orthographic":false}