{"cameraMode":{"drawMode":0,"name":"Shaded","section":"Shading Mode"},"sceneLighting":false,"audioPlay":false,"sceneViewState":{"showFog":true,"showMaterialUpdate":false,"showSkybox":false,"showFlares":true,"showImageEffects":true,"showParticleSystems":true},"in2DMode":false,"pivot":{"x":2.0560402870178224,"y":0.8085041046142578,"z":0.0005943924188613892},"rotation":{"x":0.14190591871738435,"y":-0.05391643941402435,"z":0.006631092168390751,"w":0.9886578917503357},"size":1.0650269985198975,"orthographic":false}