{"cameraMode":{"drawMode":0,"name":"Shaded","section":"Shading Mode"},"sceneLighting":true,"audioPlay":false,"sceneViewState":{"showFog":true,"showMaterialUpdate":false,"showSkybox":true,"showFlares":true,"showImageEffects":true,"showParticleSystems":true},"in2DMode":false,"pivot":{"x":0.4122942090034485,"y":1.3691478967666627,"z":1.2894552946090699},"rotation":{"x":0.09739792346954346,"y":0.06264449656009674,"z":-0.007547213230282068,"w":0.9935181140899658},"size":2.7941699028015138,"orthographic":false}