{"cameraMode":{"drawMode":0,"name":"Shaded","section":"Shading Mode"},"sceneLighting":false,"audioPlay":false,"sceneViewState":{"showFog":true,"showMaterialUpdate":false,"showSkybox":false,"showFlares":true,"showImageEffects":true,"showParticleSystems":true},"in2DMode":false,"pivot":{"x":544.7039794921875,"y":316.406982421875,"z":4.130000114440918},"rotation":{"x":0.08984186500310898,"y":0.02897626906633377,"z":-0.002641810802742839,"w":0.9955562353134155},"size":1.6539580821990967,"orthographic":false}