{"cameraMode":{"drawMode":0,"name":"Shaded","section":"Shading Mode"},"sceneLighting":true,"audioPlay":false,"sceneViewState":{"showFog":true,"showMaterialUpdate":false,"showSkybox":true,"showFlares":true,"showImageEffects":true,"showParticleSystems":true},"in2DMode":false,"pivot":{"x":-0.7800002098083496,"y":0.5,"z":-0.38000011444091799},"rotation":{"x":0.03367723524570465,"y":0.9578170776367188,"z":-0.25614649057388308,"w":0.12600921094417573},"size":15.826001167297364,"orthographic":false}