{"cameraMode":{"drawMode":0,"name":"Shaded","section":"Shading Mode"},"sceneLighting":true,"audioPlay":false,"sceneViewState":{"showFog":true,"showMaterialUpdate":false,"showSkybox":true,"showFlares":true,"showImageEffects":true,"showParticleSystems":true},"in2DMode":false,"pivot":{"x":-0.7800002098083496,"y":0.5,"z":-0.38000011444091799},"rotation":{"x":-0.049208879470825198,"y":0.9483725428581238,"z":-0.2536207437515259,"w":-0.18406522274017335},"size":12.276516914367676,"orthographic":false}