{"cameraMode":{"drawMode":0,"name":"Shaded","section":"Shading Mode"},"sceneLighting":true,"audioPlay":false,"sceneViewState":{"showFog":true,"showMaterialUpdate":false,"showSkybox":true,"showFlares":true,"showImageEffects":true,"showParticleSystems":true},"in2DMode":false,"pivot":{"x":-0.043783530592918399,"y":1.2071263790130616,"z":4.12127685546875},"rotation":{"x":0.11215007305145264,"y":0.1622568666934967,"z":-0.019133152440190316,"w":0.9803077578544617},"size":0.5578514337539673,"orthographic":false}