{"cameraMode":{"drawMode":0,"name":"Shaded","section":"Shading Mode"},"sceneLighting":false,"audioPlay":false,"sceneViewState":{"showFog":true,"showMaterialUpdate":false,"showSkybox":false,"showFlares":true,"showImageEffects":true,"showParticleSystems":true},"in2DMode":false,"pivot":{"x":626.7233276367188,"y":320.39959716796877,"z":4.130263328552246},"rotation":{"x":0.08984186500310898,"y":0.02897626906633377,"z":-0.002641810802742839,"w":0.9955562353134155},"size":0.5695077180862427,"orthographic":false}