{"cameraMode":{"drawMode":0,"name":"Shaded","section":"Shading Mode"},"sceneLighting":false,"audioPlay":false,"sceneViewState":{"showFog":true,"showMaterialUpdate":false,"showSkybox":false,"showFlares":true,"showImageEffects":true,"showParticleSystems":true},"in2DMode":false,"pivot":{"x":2.055985927581787,"y":0.8102021813392639,"z":0.0009001791477203369},"rotation":{"x":0.21162652969360352,"y":0.1524883210659027,"z":-0.03414816036820412,"w":0.9649646878242493},"size":1.9656590223312379,"orthographic":false}