{"cameraMode":{"drawMode":0,"name":"Shaded","section":"Shading Mode"},"sceneLighting":true,"audioPlay":false,"sceneViewState":{"showFog":true,"showMaterialUpdate":false,"showSkybox":true,"showFlares":true,"showImageEffects":true,"showParticleSystems":true},"in2DMode":false,"pivot":{"x":0.9006306529045105,"y":1.2970008850097657,"z":3.907665729522705},"rotation":{"x":-0.10737914592027664,"y":-0.022397290915250779,"z":0.0070417155511677269,"w":-0.9943003058433533},"size":3.3095762729644777,"orthographic":false}