{"cameraMode":{"drawMode":0,"name":"Shaded","section":"Shading Mode"},"sceneLighting":true,"audioPlay":false,"sceneViewState":{"showFog":true,"showMaterialUpdate":false,"showSkybox":true,"showFlares":true,"showImageEffects":true,"showParticleSystems":true},"in2DMode":false,"pivot":{"x":0.7412262558937073,"y":1.2422817945480347,"z":2.4252636432647707},"rotation":{"x":-0.08569362014532089,"y":-0.012797689996659756,"z":0.003380141220986843,"w":-0.996540367603302},"size":3.0272727012634279,"orthographic":false}