{"cameraMode":{"drawMode":0,"name":"Shaded","section":"Shading Mode"},"sceneLighting":true,"audioPlay":false,"sceneViewState":{"showFog":true,"showMaterialUpdate":false,"showSkybox":true,"showFlares":true,"showImageEffects":true,"showParticleSystems":true},"in2DMode":false,"pivot":{"x":0.18182502686977387,"y":1.1079457998275757,"z":4.460273742675781},"rotation":{"x":0.13575182855129243,"y":0.011175264604389668,"z":-0.007783032022416592,"w":0.9912081956863403},"size":1.6518032550811768,"orthographic":false}