{"cameraMode":{"drawMode":0,"name":"Shaded","section":"Shading Mode"},"sceneLighting":true,"audioPlay":false,"sceneViewState":{"showFog":true,"showMaterialUpdate":false,"showSkybox":true,"showFlares":true,"showImageEffects":true,"showParticleSystems":true},"in2DMode":false,"pivot":{"x":-24.68336296081543,"y":0.2546473741531372,"z":10.895954132080079},"rotation":{"x":-0.016659550368785859,"y":0.5934562087059021,"z":-0.007210386451333761,"w":-0.8050521016120911},"size":29.81783103942871,"orthographic":false}