{"cameraMode":{"drawMode":0,"name":"Shaded","section":"Shading Mode"},"sceneLighting":true,"audioPlay":false,"sceneViewState":{"showFog":true,"showMaterialUpdate":false,"showSkybox":true,"showFlares":true,"showImageEffects":true,"showParticleSystems":true},"in2DMode":false,"pivot":{"x":5.223691940307617,"y":1.8839194774627686,"z":-3.448119640350342},"rotation":{"x":0.014108352363109589,"y":-0.8371465802192688,"z":-0.020875021815299989,"w":-0.5468023419380188},"size":6.366447448730469,"orthographic":false}