{"cameraMode":{"drawMode":0,"name":"Shaded","section":"Shading Mode"},"sceneLighting":true,"audioPlay":false,"sceneViewState":{"showFog":true,"showMaterialUpdate":false,"showSkybox":true,"showFlares":true,"showImageEffects":true,"showParticleSystems":true},"in2DMode":false,"pivot":{"x":0.41035693883895876,"y":1.5178186893463135,"z":4.362478256225586},"rotation":{"x":0.12864075601100923,"y":-0.026000188663601877,"z":0.0026412911247462036,"w":0.9915311932563782},"size":2.622973680496216,"orthographic":false}