{"cameraMode":{"drawMode":0,"name":"Shaded","section":"Shading Mode"},"sceneLighting":true,"audioPlay":false,"sceneViewState":{"showFog":true,"showMaterialUpdate":false,"showSkybox":true,"showFlares":true,"showImageEffects":true,"showParticleSystems":true},"in2DMode":false,"pivot":{"x":-0.35977402329444888,"y":1.1711138486862183,"z":3.890249252319336},"rotation":{"x":-0.10875529795885086,"y":0.1307414025068283,"z":-0.009210947901010514,"w":-0.9859325885772705},"size":3.016655445098877,"orthographic":false}