{"cameraMode":{"drawMode":0,"name":"Shaded","section":"Shading Mode"},"sceneLighting":false,"audioPlay":false,"sceneViewState":{"showFog":true,"showMaterialUpdate":false,"showSkybox":false,"showFlares":true,"showImageEffects":true,"showParticleSystems":true},"in2DMode":false,"pivot":{"x":627.1771240234375,"y":320.5631408691406,"z":3.350775718688965},"rotation":{"x":0.14262837171554566,"y":-0.2632330060005188,"z":0.0393541119992733,"w":0.9533396363258362},"size":0.5695077180862427,"orthographic":false}